email,password
nguyenvana01@example.com,Pass@123
tranthib01@example.com,Pass@123
leminhcuong01@example.com,Pass@123
phamthanhdung01@example.com,Pass@123
hoangKimAnh01@example.com,Pass@123
buitientai01@example.com,Pass@123
phamthutrang01@example.com,Pass@123
ngohoangphuc01@example.com,Pass@123
vothihongnhung01@example.com,Pass@123
duongminhtri01@example.com,Pass@123
phamquangvu01@example.com,Pass@123
hongocanh01@example.com,Pass@123
lythuhuyen01@example.com,Pass@123
phanhoanganh01@example.com,Pass@123
truongtuanlam01@example.com,Pass@123
nguyenthithao01@example.com,Pass@123
dangminhhoang01@example.com,Pass@123
lethihuyenmy01@example.com,Pass@123
lamquocviet01@example.com,Pass@123
nhutanhtran806@gmail.com,nhutanh09
